run,use_difficulty,best_valid_auc,test_auc,test_acc,test_loss,trainable_parameters
DA-AKT,True,0.59615752703608,0.6337231620646083,0.6014669926650367,0.6758653521537781,103806
Plain-AKT,False,0.5410445975691454,0.5477657935285054,0.5330073349633252,0.7115659713745117,94846
